{"cameraMode":{"drawMode":0,"name":"Shaded","section":"Shading Mode"},"sceneLighting":true,"audioPlay":false,"sceneViewState":{"showFog":true,"showMaterialUpdate":false,"showSkybox":true,"showFlares":true,"showImageEffects":true,"showParticleSystems":true},"in2DMode":false,"pivot":{"x":-7.270521640777588,"y":-36.9505729675293,"z":81.07113647460938},"rotation":{"x":-0.25649797916412356,"y":0.0538821741938591,"z":-0.014323128387331963,"w":-0.9649354219436646},"size":140.72479248046876,"orthographic":false}