{"cameraMode":{"drawMode":0,"name":"Shaded","section":"Shading Mode"},"sceneLighting":false,"audioPlay":false,"sceneViewState":{"showFog":true,"showMaterialUpdate":false,"showSkybox":true,"showFlares":true,"showImageEffects":true,"showParticleSystems":true},"in2DMode":false,"pivot":{"x":-82.1005859375,"y":384.1328125,"z":-31.804649353027345},"rotation":{"x":-0.06226234883069992,"y":0.7093722224235535,"z":-0.06316523253917694,"w":-0.6992315053939819},"size":821.0281982421875,"orthographic":false}