{"cameraMode":{"drawMode":0,"name":"Shaded","section":"Shading Mode"},"sceneLighting":false,"audioPlay":false,"sceneViewState":{"showFog":true,"showMaterialUpdate":false,"showSkybox":true,"showFlares":true,"showImageEffects":true,"showParticleSystems":true},"in2DMode":false,"pivot":{"x":0.0037308931350708009,"y":0.0,"z":0.0042008934542536739},"rotation":{"x":0.009295277297496796,"y":0.9905148148536682,"z":-0.08670195192098618,"w":0.1061922088265419},"size":1.4068248271942139,"orthographic":false}