{"cameraMode":{"drawMode":0,"name":"Shaded","section":"Shading Mode"},"sceneLighting":true,"audioPlay":false,"sceneViewState":{"showFog":true,"showMaterialUpdate":false,"showSkybox":true,"showFlares":true,"showImageEffects":true,"showParticleSystems":true},"in2DMode":false,"pivot":{"x":-2.578577995300293,"y":4.782983779907227,"z":9.13618278503418},"rotation":{"x":-0.0019975663162767889,"y":0.7974708080291748,"z":-0.0026400177739560606,"w":-0.6033485531806946},"size":8.634154319763184,"orthographic":false}