{"cameraMode":{"drawMode":0,"name":"Shaded","section":"Shading Mode"},"sceneLighting":false,"audioPlay":false,"sceneViewState":{"showFog":true,"showMaterialUpdate":false,"showSkybox":true,"showFlares":true,"showImageEffects":true,"showParticleSystems":true},"in2DMode":false,"pivot":{"x":0.5271906852722168,"y":5.070517063140869,"z":-12.472378730773926},"rotation":{"x":-0.037800151854753497,"y":-0.00720897177234292,"z":0.00030782600515522063,"w":-0.9992592930793762},"size":7.7382073402404789,"orthographic":false}